,source,arrival_date,company,company_location_id,company_address,company_lat,company_lon,supplier,supplier_location_id,supplier_address,supplier_lat,supplier_lon,quantity,weight_kg,number_containers,goods_shipped,container_marks,container_size,container_type,hs_code_detail,bol,port_entry,port_entry_code,port_entry_lat,port_entry_lon,shipping_port,shipping_port_code,shipping_port_lar,shipping_port_lon
0,pan,2011-04-22,Internet Archive,300funston,"300 Funston Avenue, San Francisco, CA 94118, USA",37.78245517,-122.4715692,Tuling InfoTech Co Ltd,18excellence,2ND FLOOR EXCELLENCE LOGISTICS BUIL DING NO.18 SHI HUA RD FUTIAN FREE TRADE ZONE,22.50842406,114.0444874,42 CTN,724,1.0,42 PAPER BOXES OF BOOKS,1A120320 INTERNET ARCHIVE PROPERTY,,,,,,,,,,,,
1,pan,2011-07-23,Internet Archive,300funston,"300 Funston Avenue, San Francisco, CA 94118, USA",37.78245517,-122.4715692,Datum Data Co Ltd,wanli_industrial,WANLI INDUSTRIAL PARK NO.2 FENGHUANG RD FUTIAN FREE TRADE ZONE SHENZHEN CHINA,22.50635114,114.0501618,420 BOX,8200,1.0,BOOKS,,,,,,,,,,,,,
2,pan,2011-09-10,Internet Archive,300funston,"300 Funston Avenue, San Francisco, CA 94118, USA",37.78245517,-122.4715692,Datum Data Co Ltd,wanli_industrial,WANLI INDUSTRIAL PARK NO.2 FENGHUANG RD FUTIAN FREE TRADE ZONE SHENZHEN CHINA,22.50635114,114.0501618,840 BOX,16597,2.0,BOOKS; BOOKS,;,,,,,,,,,,,,
3,pan,2011-12-18,Internet Archive,300funston,"300 Funston Avenue, San Francisco, CA 94118, USA",37.78245517,-122.4715692,Datum Data Co Ltd,wanli_industrial,WANLI INDUSTRIAL PARK NO.2 FENGHUANG RD FUTIAN FREE TRADE ZONE SHENZHEN CHINA,22.50635114,114.0501618,780 PKG,15471,2.0,780 PACKAGES ON 19 PALLETS OF BOOKS; 780 PACKAGES ON 19 PALLETS OF BOOKS,;,,,,,,,,,,,,
4,pan,2012-10-08,Internet Archive,300funston,"300 Funston Avenue, San Francisco, CA 94118, USA",37.78245517,-122.4715692,Datum Data Co Ltd,wanli_industrial,WANLI INDUSTRIAL PARK NO.2 FENGHUANG RD FUTIAN FREE TRADE ZONE SHENZHEN CHINA,22.50635114,114.0501618,1510 CTN,44961,3.0,BOOKS; BOOKS; BOOKS,; ;,,,,,,,,,,,,
5,pan,2012-12-02,Internet Archive,300funston,"300 Funston Avenue, San Francisco, CA 94118, USA",37.78245517,-122.4715692,Datum Data Co Ltd,wanli_industrial,WANLI INDUSTRIAL PARK NO.2 FENGHUANG RD FUTIAN FREE TRADE ZONE SHENZHEN CHINA,22.50635114,114.0501618,356 PKG,31790,2.0,316PACKAGES ON 36 PALLETS OF BOOKS 40PACKAGES S .; 316PACKAGES ON 36 PALLETS OF BOOKS 40PACKAGES S .,ON 40 PALLETS OF BOOKS; ON 40 PALLETS OF BOOKS,,,,,,,,,,,,
6,pan,2013-02-06,Internet Archive,300funston,"300 Funston Avenue, San Francisco, CA 94118, USA",37.78245517,-122.4715692,Datum Data Co Ltd,wanli_industrial,WANLI INDUSTRIAL PARK NO.2 FENGHUANG RD FUTIAN FREE TRADE ZONE SHENZHEN CHINA,22.50635114,114.0501618,1023 CTN,33460,2.0,BOOKS; BOOKS,;,,,,,,,,,,,,
7,pan,2013-05-09,Internet Archive,300funston,"300 Funston Avenue, San Francisco, CA 94118, USA",37.78245517,-122.4715692,Zhejiang Gold Ox Industries  Trade,wenzhou,"Wenzhou, Zhejiang, China",28.07006936,120.5886373,5 CTN,83,1.0,BOX,FUNSTON AVENUE SAN FRANCISCO CA,,,,,,,,,,,,
8,pan,2013-10-22,Internet Archive,300funston,"300 Funston Avenue, San Francisco, CA 94118, USA",37.78245517,-122.4715692,Datum Data Co Ltd,wanli_industrial,"Shenzhen, Guangdong, China",22.50635114,114.0501618,8 CTN,388,1.0,SCANNER COVER CLOTH,,,,,,,,,,,,,
9,pan,2013-11-25,Internet Archive,300funston,"300 Funston Avenue, San Francisco, CA 94118, USA",37.78245517,-122.4715692,Datum Data Co Ltd,wanli_industrial,WANLI INDUSTRIAL PARK NO.2 FENGHUANG RD FUTIAN FREE TRADE ZONE SHENZHEN CHINA,22.50635114,114.0501618,1653 CTN,45038,3.0,BOOKS; BOOKS; BOOKS,; ;,,,,,,,,,,,,
10,combo,2015-05-10,Internet Archive,2512florida,2512 Florida Ave Richmond Ca94804 Usa,37.92950359,-122.3459874,Internet Archive China,18excellence,2F Excellence Logistics Building 18 Shihua Road Futian Free Trade Zone Shenzhen China Cn,22.50842406,114.0444874,12,590,1.0,BOOK SCANNER FRAME GLASS MONITOR LED LIGHT LEVELING ROD? LED LIGHT POWER LINE?,INTERNET ARCHIVE,4000*900*800,45G0,"Electrical machinery and equipment and parts thereof; sound recorders and reproducers, television image and sound recorders and reproducers, and parts and accessories of such articles ; Diodes, transistors and similar semiconductor devices; photosensitive semiconductor devices, including photovoltaic cells whether or not assembled in modules or made up into panels; light-emitting diodes (LED); mounted piezoelectric crystals; parts thereof ; Diodes, other than photosensitive or light-emitting diodes (LED)",CHKMSOA504054103,"Oakland, Ca",2811.0,37.79650619,-122.279134,Hong Kong,58201.0,22.33800951,114.1303815
11,combo,2015-08-09,Internet Archive,2512florida,2512 Florida Ave Richmond Ca94804 Usa,37.92950359,-122.3459874,Internet Archive China,18excellence,2F Excellence Logistics Building 18 Shihua Road Futian Free Trade Zone Shenzhen China Cn,22.50842406,114.0444874,24,2131,1.0,BOOK SCANNER FRAME GLASS LED LIGHT LEVELLING ROD USB CABLE,"INTERNET ARCHIVE 2512 FLORIDA AVE, RICHMOND, CA94804 USA ATTN: SEAN FAGAN",4000*900*800,45G0,"Electrical machinery and equipment and parts thereof; sound recorders and reproducers, television image and sound recorders and reproducers, and parts and accessories of such articles ; Diodes, transistors and similar semiconductor devices; photosensitive semiconductor devices, including photovoltaic cells whether or not assembled in modules or made up into panels; light-emitting diodes (LED); mounted piezoelectric crystals; parts thereof ; Diodes, other than photosensitive or light-emitting diodes (LED)",CHKMSOA507013517,"Oakland, Ca",2811.0,37.79650619,-122.279134,Hong Kong,58201.0,22.33800951,114.1303815
12,combo,2016-05-22,Internet Archive,2512florida,2512 Florida Ave,37.92950359,-122.3459874,Datum Data Co Ltd,wanli_industrial,Wanli Industrial Park No 2 Fenghuanroad Futian Free Trade Zone,22.50635114,114.0501618,822,19413,1.0,822 PACKAGES ON 40 PALLETS OF BOOKS,,4000*806*800,,"Paper and paperboard; articles of paper pulp, of paper or of paperboard ; Registers, account books, notebooks, order books, receipt books, letter pads, memorandum pads, diaries and similar articles, exercise books, blotting pads, binders (looseleaf or other), folders, file covers, manifold business forms, interleaved carbon sets and other articles of stationery, of paper or paperboard; albums for samples or for collections and book covers (including cover boards and book jackets) of paper or paperboard ; Exercise books",NCZL16041539,"Oakland, Ca",2811.0,37.79650619,-122.279134,Hong Kong,58201.0,22.33800951,114.1303815
13,combo,2016-06-26,Internet Archive,2512florida,2512 Florida Ave Richmond Ca94804 Usa,37.92950359,-122.3459874,Internet Archive China,18excellence,2F Excellence Logistics Building 18 Shihua Road Futian Free Trade Zone Shenzhen China Cn,22.50842406,114.0444874,24,1410,1.0,BOOK SCANNER FRAME GLASS LED LIGHT USB CABLE AC ADAPTER LEVELLING ROD,BLACK CASE,4000*900*800,45G0,"Electrical machinery and equipment and parts thereof; sound recorders and reproducers, television image and sound recorders and reproducers, and parts and accessories of such articles ; Diodes, transistors and similar semiconductor devices; photosensitive semiconductor devices, including photovoltaic cells whether or not assembled in modules or made up into panels; light-emitting diodes (LED); mounted piezoelectric crystals; parts thereof ; Diodes, other than photosensitive or light-emitting diodes (LED)",CHKMSOA605072810,"Oakland, Ca",2811.0,37.79650619,-122.279134,Hong Kong,58201.0,22.33800951,114.1303815
14,combo,2016-08-16,Internet Archive,2512florida,2512 Florida Ave Richmond Ca 94804 Usa,37.92950359,-122.3459874,Datum Data Co Ltd,wanli_industrial,Wanli Industrial Park No 2 Fenghuang Road Futian Free Trade Zone Shenzhen China,22.50635114,114.0501618,40,20006,1.0,BOOKS,,4000*900*800,45G1,"Paper and paperboard; articles of paper pulp, of paper or of paperboard ; Registers, account books, notebooks, order books, receipt books, letter pads, memorandum pads, diaries and similar articles, exercise books, blotting pads, binders (looseleaf or other), folders, file covers, manifold business forms, interleaved carbon sets and other articles of stationery, of paper or paperboard; albums for samples or for collections and book covers (including cover boards and book jackets) of paper or paperboard ; Exercise books",HYSLFSZX16071922,"Oakland, Ca",2811.0,37.79650619,-122.279134,Hong Kong,58201.0,22.33800951,114.1303815
15,combo,2017-02-13,Internet Archive,380carlson,380 Carlson Blvd Richmond Ca 94084,37.92950359,-122.3459874,Internet Archive,veristrong_industrial,Room 9-10 7 F Block A Veristrong Industrial Centre Au Pui Wan Streetfotan Hong Kong,22.39964476,114.1931671,24,10390,1.0,24 PKGS = 480 CARTONS OF BOOKS # 4901990000,,4000*900*800,45G0,"Printed books, newspapers, pictures and other products of the printing industry; manuscripts, typescripts and plans ; Printed books, brochures, leaflets and similar printed matter, whether or not in single sheets ; Other ; Other",CCLTHKGCS027507,"Oakland, Ca",2811.0,37.79650619,-122.279134,Hong Kong,58201.0,22.33800951,114.1303815
16,combo,2017-06-02,Internet Archive,380carlson,380 Carlson Bldv Richmond Ca 94084,37.92950359,-122.3459874,Internet Archive,veristrong_industrial,Room 9-10 7 F Block A Veristrong Industrial Centre Au Pui Wan Streetfotan Hong Kong,22.39964476,114.1931671,39,17845,1.0,39PKGS=39PLTS 39PLTS=480 CARTONS OF BOOKS H. S. CODE: 4901. 990000,,4000*900*800,4510,"Printed books, newspapers, pictures and other products of the printing industry; manuscripts, typescripts and plans ; Printed books, brochures, leaflets and similar printed matter, whether or not in single sheets ; Other ; Other",CCLTHKGCS028345,"Oakland, Ca",2811.0,37.79650619,-122.279134,Hong Kong,58201.0,22.33800951,114.1303815
17,combo,2017-09-29,Internet Archive,380carlson,380 Carlson Bldv Richmond Ca 94084,37.92950359,-122.3459874,Internet Archive,veristrong_industrial,Room 9-10 7 F Block A Veristrong Industrial Centre Au Pui Wan Streetfotan Hong Kong,22.39964476,114.1931671,37,18250,1.0,BOOKS (36PKGS 17900KGS 63. 364CBM) HS#4901 990000 CD (1PKG 350KGS 1. 55CBM) HS#852 3410000,,4000*900*800,4510,"Printed books, newspapers, pictures and other products of the printing industry; manuscripts, typescripts and plans ; Printed books, brochures, leaflets and similar printed matter, whether or not in single sheets ; Other ; Other",CCLTHKGCS029676,"Oakland, Ca",2811.0,37.79650619,-122.279134,Hong Kong,58201.0,22.33800951,114.1303815
18,combo,2018-01-06,Internet Archive,380carlson,380 Carlson Bldv Richmond Ca 94084,37.92950359,-122.3459874,Internet Archive,veristrong_industrial,Room 9-10 7 F Block A Veristrong Industrial Centre Au Pui Wan Streetfotan Hong Kong,22.39964476,114.1931671,34,13420,1.0,775CTNS = 34 PALLETS (PKGS) 642 CTNS OF BOOKS HS CODE: 4901 990000 27PLTS (PKGS) 10500KGS 39. 2CBM 83 CTNS OF CD H. S CODE: 8523 410000 3 PLTS (PKGS) 2400KGS 4. 35CBM HS CODE: 8523 410000 50 CTNS OF BOXES 4 PLTS(PKGS) 520KGS 10CBM,,4000*900*800,45G0,"Printed books, newspapers, pictures and other products of the printing industry; manuscripts, typescripts and plans ; Printed books, brochures, leaflets and similar printed matter, whether or not in single sheets ; Other ; Other",CCLTHKGCS030413,"Oakland, Ca",2811.0,37.79650619,-122.279134,Hong Kong,58201.0,22.33800951,114.1303815
19,combo,2018-01-28,Internet Archive,2512florida,2512 Florida Ave,37.92950359,-122.3459874,Better World Books Ltd,castle_industrial,Unit 10 Castle Industrial Estate Queensferry Road,56.05529775,-3.439735815,7,3142,1.0,LITERATURE,INTERNET ARCHIVE,4000*907*802,4FG0,"Printed books, newspapers, pictures and other products of the printing industry; manuscripts, typescripts and plans ; Other printed matter, including printed pictures and photographs ; Trade advertising material, commercial catalogs and the like",PCXS3ET18010053,"New York/Newark Area, Newark, Nj",4601.0,40.68521462,-74.16368517,Coryton,41352.0,51.51006933,0.5190999338
20,combo,2018-02-23,Internet Archive,380carlson,380 Carlson Blvd Richmond Ca 94084,37.92743657,-122.3379821,Internet Archive,veristrong_industrial,Room 9-10 7 F Block A Veristrong Industrial Centre Au Pui Wan Streetfotan Hong Kong,22.39964476,114.1931671,35,14310,1.0,"720 CTNS OF BOOKS=28PLTS=28 PKGS HS#4901 990000 12, 550. KGS 40. 66CBM 54 CTNS OF CD=2PLTS=2PKGS HS#8523 410000 820. KGS 2. 904CBM 60 CTNS OF BOXES=5PLTS=5PKGS 940. 0KGS 15. 39CBM",,4000*900*800,4510,"Printed books, newspapers, pictures and other products of the printing industry; manuscripts, typescripts and plans ; Printed books, brochures, leaflets and similar printed matter, whether or not in single sheets ; Other ; Other",CCLTHKGCS030902,"Oakland, Ca",2811.0,37.79650619,-122.279134,Hong Kong,58201.0,22.33800951,114.1303815
21,combo,2018-05-11,Internet Archive,380carlson,380 Carlson Blvd Richmond Ca 94084,37.92743657,-122.3379821,Internet Archive,veristrong_industrial,Room 9-10 7 F Block A Veristrong Industrial Centre Au Pui Wan Streetfotan Hong Kong,22.39964476,114.1931671,38,16110,1.0,1PKG=1PLT 840 CTNS OF BOOKS = 35 PLTS HS#4901 990000 14010. KGS 50. 82CBM 53 CTNS OF CD=2PLTS HS#8523 410000 2000. KGS 2. 90CBM 10 CTNS OF BOXES = 1 PLTS 100. 0KGS 1. 53CBM,,4000*900*800,4510,"Printed books, newspapers, pictures and other products of the printing industry; manuscripts, typescripts and plans ; Printed books, brochures, leaflets and similar printed matter, whether or not in single sheets ; Other ; Other",CCLTHKGCS031478,"Oakland, Ca",2811.0,37.79650619,-122.279134,Hong Kong,58201.0,22.33800951,114.1303815
22,combo,2018-07-06,Internet Archive,380carlson,380 Carlson Blvd Richmond Ca 94084,37.92743657,-122.3379821,Internet Archive,veristrong_industrial,Room 9-10 7 F Block A Veristrong Industrial Centre Au Pui Wan Streetfotan Hong Kong,22.39964476,114.1931671,39,16650,1.0,39 PLTS=PKGS 888 CTNS OF BOOKS=37PLTS HS CODE: 4901 990000 27CTNS OF CD=1 PLT HS CODE: 8523 410000 10 CTNS OF BOXES=1PLT,,4000*900*800,45G0,"Printed books, newspapers, pictures and other products of the printing industry; manuscripts, typescripts and plans ; Printed books, brochures, leaflets and similar printed matter, whether or not in single sheets ; Other ; Other",CCLTHKGCS031892,"Oakland, Ca",2811.0,37.79650619,-122.279134,Hong Kong,58201.0,22.33800951,114.1303815
23,combo,2018-08-24,Internet Archive,380carlson,380 Carlson Blvd Richmond Ca 94084,37.92743657,-122.3379821,Internet Archive,veristrong_industrial,Room 9-10 7/F Block A Veristrong Industrial Centre Au Pui Wan Street Fotan Hong Kong,22.39964476,114.1931671,37,16160,1.0,792 CTNS OF BOOKS = 33 PACKAGES HS CODE: 490 1 990000 77 CTNS OF CD = 3 PACKAGES HS CODE: 8523 410000 10 CTNS OF BOXES = 1 PACKA GE SHIPMENT HAVE AND FUMIGATI,,4000*907*802,4FG0,"Printed books, newspapers, pictures and other products of the printing industry; manuscripts, typescripts and plans ; Printed books, brochures, leaflets and similar printed matter, whether or not in single sheets ; Other ; Other",ONPLHKMOAK188001,"Oakland, Ca",2811.0,37.79650619,-122.279134,Hong Kong,58201.0,22.33800951,114.1303815
24,combo,2018-10-11,Internet Archive,380carlson,380 Carlson Blvd Richmond Ca 94084,37.92743657,-122.3379821,Internet Archive,veristrong_industrial,Room 9-10 7/F Block A Veristrong Industrialcentre Au Pui Wan Street Fotan Hong Kong,22.39964476,114.1931671,39,16510,1.0,864 CTNS OF BOOKS = 36 PKGS HS CODE: 4901 99 0000 77 CTNS OF CD = 3 PKGS HS CODE: 8523 41 0000 SHIPMENT HAVEMATERIA LS AND FUMIGATI,,4000*907*802,4FG0,"Printed books, newspapers, pictures and other products of the printing industry; manuscripts, typescripts and plans ; Printed books, brochures, leaflets and similar printed matter, whether or not in single sheets ; Other ; Other",ONPLHKMOAK189001,"Oakland, Ca",2811.0,37.79650619,-122.279134,Hong Kong,58201.0,22.33800951,114.1303815
25,combo,2018-12-03,Internet Archive,380carlson,380 Carlson Blvd Richmond Ca 94084,37.92743657,-122.3379821,Internet Archive,veristrong_industrial,Room 9 10 7 F Block A Veristrong Industial Centre Au Pui Wan Street Fo Tan Hong Kong,22.39964476,114.1931671,941,19316,1.0,BOOKS CD PALLET,,4000*907*802,4FG0,"Paper and paperboard; articles of paper pulp, of paper or of paperboard ; Registers, account books, notebooks, order books, receipt books, letter pads, memorandum pads, diaries and similar articles, exercise books, blotting pads, binders (looseleaf or other), folders, file covers, manifold business forms, interleaved carbon sets and other articles of stationery, of paper or paperboard; albums for samples or for collections and book covers (including cover boards and book jackets) of paper or paperboard ; Exercise books",OSTIHGOAK18B0092,"Oakland, Ca",2811.0,37.79650619,-122.279134,Hong Kong,58201.0,22.33800951,114.1303815
26,combo,2019-01-20,Internet Archive,380carlson,380 Carlson Blvd Richmond Ca 94084,37.92743657,-122.3379821,Internet Archive,veristrong_industrial,Room 9 10 7 F Block A Veristrong Industial Centre Au Pui Wan Street Fo Tan Hong Kong,22.39964476,114.1931671,969,20660,1.0,BOOKS CD,,4000*907*802,4FG0,"Paper and paperboard; articles of paper pulp, of paper or of paperboard ; Registers, account books, notebooks, order books, receipt books, letter pads, memorandum pads, diaries and similar articles, exercise books, blotting pads, binders (looseleaf or other), folders, file covers, manifold business forms, interleaved carbon sets and other articles of stationery, of paper or paperboard; albums for samples or for collections and book covers (including cover boards and book jackets) of paper or paperboard ; Exercise books",OSTIHGOAK18C0211,"Oakland, Ca",2811.0,37.79650619,-122.279134,Hong Kong,58201.0,22.33800951,114.1303815
27,combo,2019-02-25,Internet Archive,380carlson,380 Carlson Blvd Richmond Ca 94084,37.92743657,-122.3379821,Internet Archive,veristrong_industrial,Room 9 10 7 F Block A Veristrong Industial Centre Au Pui Wan Street Fo Tan Hong Kong,22.39964476,114.1931671,837,22796,1.0,BOOKS CD BOOK SCANNING RACK COMPUTER EQUIPMENT CAMERA,,4000*907*802,4FG0,"Printed books, newspapers, pictures and other products of the printing industry; manuscripts, typescripts and plans ; Printed books, brochures, leaflets and similar printed matter, whether or not in single sheets ; Other ; Other",OSTIHGOAK1910425,"Oakland, Ca",2811.0,37.79650619,-122.279134,Hong Kong,58201.0,22.33800951,114.1303815
28,combo,2019-03-26,Internet Archive,380carlson,380 Carlson Boulevard Richmond United States 94804,37.92743657,-122.3379821,Innodata Knowledge Services Inc,hvg_mandaue,Hvg It Park Subangdaku Mandaue City 6014 Cebu Philippines,10.31803327,123.9205454,49,19909,1.0,BOOKS,AS ADDRESSED,4000*900*800,45G0,"Paper and paperboard; articles of paper pulp, of paper or of paperboard ; Registers, account books, notebooks, order books, receipt books, letter pads, memorandum pads, diaries and similar articles, exercise books, blotting pads, binders (looseleaf or other), folders, file covers, manifold business forms, interleaved carbon sets and other articles of stationery, of paper or paperboard; albums for samples or for collections and book covers (including cover boards and book jackets) of paper or paperboard ; Exercise books",AMAWSCEBZ0020098,"Oakland, Ca",2811.0,37.79650619,-122.279134,Kao Hsiung,58309.0,22.60062551,120.2871982
29,combo,2019-05-05,Internet Archive,380carlson,380 Carlson Boulevard Richmond United States 94804,37.92743657,-122.3379821,Innodata Knowledge Services Inc,hvg_mandaue,Hvg It Park Subangdaku Mandaue City 6014 Cebu Philippines,10.31803327,123.9205454,37,19575,1.0,BOOKS,AS ADDRESSED,4000*900*800,45G0,"Paper and paperboard; articles of paper pulp, of paper or of paperboard ; Registers, account books, notebooks, order books, receipt books, letter pads, memorandum pads, diaries and similar articles, exercise books, blotting pads, binders (looseleaf or other), folders, file covers, manifold business forms, interleaved carbon sets and other articles of stationery, of paper or paperboard; albums for samples or for collections and book covers (including cover boards and book jackets) of paper or paperboard ; Exercise books",AMAWSCEBZ0020131,"Oakland, Ca",2811.0,37.79650619,-122.279134,Kao Hsiung,58309.0,22.60062551,120.2871982
30,combo,2019-06-09,Internet Archive,380carlson,380 Carlson Boulevard Richmond United States 94804,37.92743657,-122.3379821,Innodata Knowledge Services Inc,hvg_mandaue,Hvg It Park Subangdaku Mandaue City 6014 Cebu Philippines,10.31803327,123.9205454,37,19800,1.0,BOOKS,AS ADDRESSED,4000*900*800,45G0,"Paper and paperboard; articles of paper pulp, of paper or of paperboard ; Registers, account books, notebooks, order books, receipt books, letter pads, memorandum pads, diaries and similar articles, exercise books, blotting pads, binders (looseleaf or other), folders, file covers, manifold business forms, interleaved carbon sets and other articles of stationery, of paper or paperboard; albums for samples or for collections and book covers (including cover boards and book jackets) of paper or paperboard ; Exercise books",AMAWSCEBZ0020152,"Oakland, Ca",2811.0,37.79650619,-122.279134,Sangi,56520.0,10.3884165,123.6380165
31,combo,2019-07-21,Internet Archive,380carlson,380 Carlson Boulevard Richmond Ca 94804 Usa Us,37.92743657,-122.3379821,Innodata Knowledge Services Inc,hvg_mandaue,Hvg It Park Subangdaku Mandaue City 6014 Cebu Ph,10.31803327,123.9205454,864,19641,1.0,BOOKS,,4000*900*800,45G1,"Paper and paperboard; articles of paper pulp, of paper or of paperboard ; Registers, account books, notebooks, order books, receipt books, letter pads, memorandum pads, diaries and similar articles, exercise books, blotting pads, binders (looseleaf or other), folders, file covers, manifold business forms, interleaved carbon sets and other articles of stationery, of paper or paperboard; albums for samples or for collections and book covers (including cover boards and book jackets) of paper or paperboard ; Exercise books",OSTIMNOAKSJ60059,"Oakland, Ca",2811.0,37.79650619,-122.279134,Sangi,56520.0,10.3884165,123.6380165
32,combo,2019-08-18,Internet Archive,380carlson,380 Carlson Boulevard Richmond Ca 94804 Usa Us,37.92743657,-122.3379821,Innodata Knowledge Services Inc,hvg_mandaue,Hvg It Park Subangdaku Mandaue City 6014 Cebu Ph,10.31803327,123.9205454,867,19483,1.0,BOOKS AND CD'S 867 BOXES PACKED INTO 36 PALLETS,,4000*900*800,45G1,"Paper and paperboard; articles of paper pulp, of paper or of paperboard ; Registers, account books, notebooks, order books, receipt books, letter pads, memorandum pads, diaries and similar articles, exercise books, blotting pads, binders (looseleaf or other), folders, file covers, manifold business forms, interleaved carbon sets and other articles of stationery, of paper or paperboard; albums for samples or for collections and book covers (including cover boards and book jackets) of paper or paperboard ; Exercise books",OSTIMNOAKSJ70055,"Oakland, Ca",2811.0,37.79650619,-122.279134,Sangi,56520.0,10.3884165,123.6380165
33,combo,2019-10-06,Internet Archive,380carlson,380 Carlson Boulevard Richmond Ca 94804 Usa Us,37.92743657,-122.3379821,Innodata Knowledge Services Inc,hvg_mandaue,Hvg It Park Subangdaku Mandaue City 6014 Cebu Ph,10.31803327,123.9205454,874,19330,1.0,BOOKS AND CD'S,,4000*900*800,45G0,"Paper and paperboard; articles of paper pulp, of paper or of paperboard ; Registers, account books, notebooks, order books, receipt books, letter pads, memorandum pads, diaries and similar articles, exercise books, blotting pads, binders (looseleaf or other), folders, file covers, manifold business forms, interleaved carbon sets and other articles of stationery, of paper or paperboard; albums for samples or for collections and book covers (including cover boards and book jackets) of paper or paperboard ; Exercise books",OSTIMNOAKSJ90014,"Oakland, Ca",2811.0,37.79650619,-122.279134,Manila,56520.0,14.58740241,120.9677608
34,combo,2019-10-27,Internet Archive,380carlson,380 Carlson Boulevard Richmond Ca 94804 Usa Us,37.92743657,-122.3379821,Innodata Knowledge Services Inc,hvg_mandaue,Hvg It Park Subangdaku Mandaue City 6014 Cebu Ph,10.31803327,123.9205454,864,19310,1.0,BOOKS 864 BOXES PACKED INTO 36 PALLETS,,4000*900*800,45G1,"Paper and paperboard; articles of paper pulp, of paper or of paperboard ; Registers, account books, notebooks, order books, receipt books, letter pads, memorandum pads, diaries and similar articles, exercise books, blotting pads, binders (looseleaf or other), folders, file covers, manifold business forms, interleaved carbon sets and other articles of stationery, of paper or paperboard; albums for samples or for collections and book covers (including cover boards and book jackets) of paper or paperboard ; Exercise books",OSTIMNOAKSJ90048,"Oakland, Ca",2811.0,37.79650619,-122.279134,Sangi,56520.0,10.3884165,123.6380165
35,combo,2019-11-17,Internet Archive,380carlson,380 Carlson Boulevard Richmond Ca 94804 Usa Us,37.92743657,-122.3379821,Innodata Knowledge Services Inc,hvg_mandaue,Hvg It Park Subangdaku Mandaue City 6014 Cebu Ph,10.31803327,123.9205454,888,19230,1.0,BOOKS,,4000*900*800,45G1,"Paper and paperboard; articles of paper pulp, of paper or of paperboard ; Registers, account books, notebooks, order books, receipt books, letter pads, memorandum pads, diaries and similar articles, exercise books, blotting pads, binders (looseleaf or other), folders, file covers, manifold business forms, interleaved carbon sets and other articles of stationery, of paper or paperboard; albums for samples or for collections and book covers (including cover boards and book jackets) of paper or paperboard ; Exercise books",OSTIMNOAKSJA0031,"Oakland, Ca",2811.0,37.79650619,-122.279134,Sangi,56520.0,10.3884165,123.6380165
36,combo,2019-12-19,Internet Archive,380carlson,380 Carlson Boulevard Richmond Ca 94804 Usa Us,37.92743657,-122.3379821,Innodata Knowledge Services Inc,hvg_mandaue,Hvg It Park Subangdaku Mandaue City 6014 Cebu Ph,10.31803327,123.9205454,915,19178,1.0,BOOKS AND CD,,4000*900*800,45G1,"Paper and paperboard; articles of paper pulp, of paper or of paperboard ; Registers, account books, notebooks, order books, receipt books, letter pads, memorandum pads, diaries and similar articles, exercise books, blotting pads, binders (looseleaf or other), folders, file covers, manifold business forms, interleaved carbon sets and other articles of stationery, of paper or paperboard; albums for samples or for collections and book covers (including cover boards and book jackets) of paper or paperboard ; Exercise books",OSTIMNOAKSJN0049,"Oakland, Ca",2811.0,37.79650619,-122.279134,Sangi,56520.0,10.3884165,123.6380165
37,combo,2020-01-06,Internet Archive,380carlson,380 Carlson Boulevard Richmond Ca 94804 Usa Us,37.92743657,-122.3379821,Innodata Knowledge Services Inc,hvg_mandaue,Hvg It Park Subangdaku Mandaue City 6014 Cebu Ph,10.31803327,123.9205454,936,19452,1.0,BOOKS 936 BOXES PACKED INTO 39 PALLETS,,4000*900*800,45G1,"Paper and paperboard; articles of paper pulp, of paper or of paperboard ; Registers, account books, notebooks, order books, receipt books, letter pads, memorandum pads, diaries and similar articles, exercise books, blotting pads, binders (looseleaf or other), folders, file covers, manifold business forms, interleaved carbon sets and other articles of stationery, of paper or paperboard; albums for samples or for collections and book covers (including cover boards and book jackets) of paper or paperboard ; Exercise books",OSTICBOAKSJP0020,"Oakland, Ca",2811.0,37.79650619,-122.279134,Sangi,56520.0,10.3884165,123.6380165
38,combo,2020-01-19,Internet Archive,380carlson,380 Carlson Boulevard Richmond Ca 94804 Usa Us,37.92743657,-122.3379821,Innodata Knowledge Services Inc,hvg_mandaue,Hvg It Park Subangdaku Mandaue City 6014 Cebu Ph,10.31803327,123.9205454,936,19366,1.0,BOOKS,,4000*900*800,45G0,"Paper and paperboard; articles of paper pulp, of paper or of paperboard ; Registers, account books, notebooks, order books, receipt books, letter pads, memorandum pads, diaries and similar articles, exercise books, blotting pads, binders (looseleaf or other), folders, file covers, manifold business forms, interleaved carbon sets and other articles of stationery, of paper or paperboard; albums for samples or for collections and book covers (including cover boards and book jackets) of paper or paperboard ; Exercise books",OSTIMNOAKSJP0039,"Oakland, Ca",2811.0,37.79650619,-122.279134,Sangi,56520.0,10.3884165,123.6380165
39,combo,2020-02-17,Internet Archive,380carlson,380 Carlson Boulevard Richmond Ca 94804 Usa Us,37.92743657,-122.3379821,Innodata Knowledge Services Inc,hvg_mandaue,Hvg It Park Subangdaku Mandaue City 6014 Cebu Ph,10.31803327,123.9205454,939,19624,1.0,BOOKS AND CD,,4000*900*800,45G1,"Paper and paperboard; articles of paper pulp, of paper or of paperboard ; Registers, account books, notebooks, order books, receipt books, letter pads, memorandum pads, diaries and similar articles, exercise books, blotting pads, binders (looseleaf or other), folders, file covers, manifold business forms, interleaved carbon sets and other articles of stationery, of paper or paperboard; albums for samples or for collections and book covers (including cover boards and book jackets) of paper or paperboard ; Exercise books",OSTICBOAKSK10006,"Oakland, Ca",2811.0,37.79650619,-122.279134,Sangi,56520.0,10.3884165,123.6380165
40,combo,2020-02-23,Internet Archive,380carlson,380 Carlson Boulevard Richmond Ca 94804 Usa Us,37.92743657,-122.3379821,Innodata Knowledge Services Inc,hvg_mandaue,Hvg It Park Subangdaku Mandaue City 6014 Cebu Ph,10.31803327,123.9205454,912,19059,1.0,BOOKS,,4000*900*800,45G1,"Paper and paperboard; articles of paper pulp, of paper or of paperboard ; Registers, account books, notebooks, order books, receipt books, letter pads, memorandum pads, diaries and similar articles, exercise books, blotting pads, binders (looseleaf or other), folders, file covers, manifold business forms, interleaved carbon sets and other articles of stationery, of paper or paperboard; albums for samples or for collections and book covers (including cover boards and book jackets) of paper or paperboard ; Exercise books",OSTICBOAKSK10034,"Oakland, Ca",2811.0,37.79650619,-122.279134,Sangi,56520.0,10.3884165,123.6380165
41,combo,2020-03-09,Internet Archive,380carlson,380 Carlson Boulevard Richmond Ca 94804 Usa Us,37.92743657,-122.3379821,Innodata Knowledge Services Inc,hvg_mandaue,Hvg It Park Subangdaku Mandaue City 6014 Cebu Ph,10.31803327,123.9205454,918,19051,1.0,"BOOKS, CD AND LP",,4000*900*800,45G1,"Paper and paperboard; articles of paper pulp, of paper or of paperboard ; Registers, account books, notebooks, order books, receipt books, letter pads, memorandum pads, diaries and similar articles, exercise books, blotting pads, binders (looseleaf or other), folders, file covers, manifold business forms, interleaved carbon sets and other articles of stationery, of paper or paperboard; albums for samples or for collections and book covers (including cover boards and book jackets) of paper or paperboard ; Exercise books",OSTICBOAKSK20016,"Oakland, Ca",2811.0,37.79650619,-122.279134,Sangi,56520.0,10.3884165,123.6380165
42,combo,2020-03-22,Internet Archive,380carlson,380 Carlson Boulevard Richmond Ca 94804 Usa Us,37.92743657,-122.3379821,Innodata Knowledge Services Inc,hvg_mandaue,Hvg It Park Subangdaku Mandaue City 6014 Cebu Ph,10.31803327,123.9205454,915,19216,1.0,BOOKS AND CD,,4000*900*800,45G1,"Paper and paperboard; articles of paper pulp, of paper or of paperboard ; Registers, account books, notebooks, order books, receipt books, letter pads, memorandum pads, diaries and similar articles, exercise books, blotting pads, binders (looseleaf or other), folders, file covers, manifold business forms, interleaved carbon sets and other articles of stationery, of paper or paperboard; albums for samples or for collections and book covers (including cover boards and book jackets) of paper or paperboard ; Exercise books",OSTICBOAKSK20043,"Oakland, Ca",2811.0,37.79650619,-122.279134,Sangi,56520.0,10.3884165,123.6380165
43,combo,2020-04-12,Internet Archive,380carlson,380 Carlson Boulevard Richmond Ca 94804 Usa Us,37.92743657,-122.3379821,Innodata Knowledge Services Inc,hvg_mandaue,Hvg It Park Subangdaku Mandaue City 6014 Cebu Ph,10.31803327,123.9205454,915,19752,1.0,BOOKS AND CD,,4000*900*800,45G0,"Paper and paperboard; articles of paper pulp, of paper or of paperboard ; Registers, account books, notebooks, order books, receipt books, letter pads, memorandum pads, diaries and similar articles, exercise books, blotting pads, binders (looseleaf or other), folders, file covers, manifold business forms, interleaved carbon sets and other articles of stationery, of paper or paperboard; albums for samples or for collections and book covers (including cover boards and book jackets) of paper or paperboard ; Exercise books",OSTICBOAKSK30035,"Oakland, Ca",2811.0,37.79650619,-122.279134,Manila,56549.0,14.58740241,120.9677608
44,combo,2020-05-07,Internet Archive,298cherry,298 Cherry Hills Drive Latrobe Pa 15650 Usa Us,40.25835694,-79.41852286,Innodata Knowledge Services Inc,hvg_mandaue,Hvg It Park Subangdaku Mandaue City 6014 Cebu Ph,10.31803327,123.9205454,915,19601,1.0,BOOKS AND CD,,4000*900*800,45G0,"Paper and paperboard; articles of paper pulp, of paper or of paperboard ; Registers, account books, notebooks, order books, receipt books, letter pads, memorandum pads, diaries and similar articles, exercise books, blotting pads, binders (looseleaf or other), folders, file covers, manifold business forms, interleaved carbon sets and other articles of stationery, of paper or paperboard; albums for samples or for collections and book covers (including cover boards and book jackets) of paper or paperboard ; Exercise books",OSTICBPITSK30058,"New York/Newark Area, Newark, Nj",4601.0,40.68521462,-74.16368517,Sangi,56520.0,10.3884165,123.6380165
45,combo,2020-06-25,Internet Archive,380carlson,380 Carlson Boulevard Richmond Ca 94804 Usa Us,37.92743657,-122.3379821,Innodata Knowledge Services Inc,hvg_mandaue,Hvg It Park Subangdaku Mandaue City 6014 Cebu Ph,10.31803327,123.9205454,912,19593,1.0,BOOKS,,4000*900*800,45G0,"Paper and paperboard; articles of paper pulp, of paper or of paperboard ; Registers, account books, notebooks, order books, receipt books, letter pads, memorandum pads, diaries and similar articles, exercise books, blotting pads, binders (looseleaf or other), folders, file covers, manifold business forms, interleaved carbon sets and other articles of stationery, of paper or paperboard; albums for samples or for collections and book covers (including cover boards and book jackets) of paper or paperboard ; Exercise books",OSTICBPITSK50020,"New York/Newark Area, Newark, Nj",4601.0,40.68521462,-74.16368517,Sangi,56520.0,10.3884165,123.6380165
46,combo,2020-07-30,Internet Archive,298cherry,298 Cherry Hills Drive Latrobe Pa 15650 Us,40.25835694,-79.41852286,Innodata Knowledge Services Inc,hvg_mandaue,Hvg It Park Subangdaku Mandaue City 6014 Cebu Ph,10.31803327,123.9205454,798,19674,1.0,BOOKS AND CD.'CEBU_LAT_2020_003',,4000*900*800,45G0,"Paper and paperboard; articles of paper pulp, of paper or of paperboard ; Registers, account books, notebooks, order books, receipt books, letter pads, memorandum pads, diaries and similar articles, exercise books, blotting pads, binders (looseleaf or other), folders, file covers, manifold business forms, interleaved carbon sets and other articles of stationery, of paper or paperboard; albums for samples or for collections and book covers (including cover boards and book jackets) of paper or paperboard ; Exercise books",OSTICBPITSK60042,"New York/Newark Area, Newark, Nj",4601.0,40.68521462,-74.16368517,Sangi,56520.0,10.3884165,123.6380165
47,combo,2020-08-21,Internet Archive,298cherry,298 Cherry Hills Drive Latrobe Pa 15650 Us,40.25835694,-79.41852286,Innodata Knowledge Services Inc,hvg_mandaue,Hvg It Park Subangdaku Mandaue City 6014 Cebu Ph,10.31803327,123.9205454,918,19864,1.0,BOOKS AND CD.'CEBU_LAT_2020_004',,4000*900*800,45G0,"Paper and paperboard; articles of paper pulp, of paper or of paperboard ; Registers, account books, notebooks, order books, receipt books, letter pads, memorandum pads, diaries and similar articles, exercise books, blotting pads, binders (looseleaf or other), folders, file covers, manifold business forms, interleaved carbon sets and other articles of stationery, of paper or paperboard; albums for samples or for collections and book covers (including cover boards and book jackets) of paper or paperboard ; Exercise books",OSTICBPITSK70027,"New York/Newark Area, Newark, Nj",4601.0,40.68521462,-74.16368517,Sangi,56520.0,10.3884165,123.6380165
48,combo,2020-09-03,Internet Archive,298cherry,298 Cherry Hills Drive Latrobe Pa 15650 Us,40.25835694,-79.41852286,Innodata Knowledge Services Inc,hvg_mandaue,Hvg It Park Subangdaku Mandaue City 6014 Cebu Ph,10.31803327,123.9205454,960,19830,1.0,BOOKS.'CEBU_LAT_2020_005',,4000*900*800,45G0,"Paper and paperboard; articles of paper pulp, of paper or of paperboard ; Registers, account books, notebooks, order books, receipt books, letter pads, memorandum pads, diaries and similar articles, exercise books, blotting pads, binders (looseleaf or other), folders, file covers, manifold business forms, interleaved carbon sets and other articles of stationery, of paper or paperboard; albums for samples or for collections and book covers (including cover boards and book jackets) of paper or paperboard ; Exercise books",OSTICBPITSK70040,"New York/Newark Area, Newark, Nj",4601.0,40.68521462,-74.16368517,Sangi,56520.0,10.3884165,123.6380165
49,combo,2020-09-25,Internet Archive,298cherry,298 Cherry Hills Drive Latrobe Pa 15650 Us,40.25835694,-79.41852286,Innodata Knowledge Services Inc,hvg_mandaue,Hvg It Park Subangdaku Mandaue City 6014 Cebu Ph,10.31803327,123.9205454,966,19364,1.0,BOOKS AND CD'S,,4000*900*800,45G0,"Paper and paperboard; articles of paper pulp, of paper or of paperboard ; Registers, account books, notebooks, order books, receipt books, letter pads, memorandum pads, diaries and similar articles, exercise books, blotting pads, binders (looseleaf or other), folders, file covers, manifold business forms, interleaved carbon sets and other articles of stationery, of paper or paperboard; albums for samples or for collections and book covers (including cover boards and book jackets) of paper or paperboard ; Exercise books",OSTICBPITSK70034,"New York/Newark Area, Newark, Nj",4601.0,40.68521462,-74.16368517,Sangi,56520.0,10.3884165,123.6380165
50,yeti,2020-10-16,Internet Archive,298cherry,298 Cherry Hills Drive Latrobe Pa 15650 Us,40.25835694,-79.41852286,Innodata Knowledge Services Inc,hvg_mandaue,Hvg It Park Subangdaku Mandaue City 6014 Cebu Ph,10.31803327,123.9205454,969,18714,,Exercise books,Marks,4000*900*800,45G0,"Paper and paperboard; articles of paper pulp, of paper or of paperboard ; Registers, account books, notebooks, order books, receipt books, letter pads, memorandum pads, diaries and similar articles, exercise books, blotting pads, binders (looseleaf or other), folders, file covers, manifold business forms, interleaved carbon sets and other articles of stationery, of paper or paperboard; albums for samples or for collections and book covers (including cover boards and book jackets) of paper or paperboard ; Exercise books",OSTICBPITSK80033,"New York/Newark Area, Newark, Nj",4601.0,40.68521462,-74.16368517,Sangi,56520.0,10.3884165,123.6380165
51,combo,2020-10-20,Internet Archive,298cherry,298 Cherry Hills Drive Latrobe Pa 15650 Us,40.25835694,-79.41852286,Innodata Knowledge Services Inc,hvg_mandaue,Hvg It Park Subangdaku Mandaue City 6014 Cebu Ph,10.31803327,123.9205454,960,19871,1.0,BOOKS,,4000*900*800,45G0,"Paper and paperboard; articles of paper pulp, of paper or of paperboard ; Registers, account books, notebooks, order books, receipt books, letter pads, memorandum pads, diaries and similar articles, exercise books, blotting pads, binders (looseleaf or other), folders, file covers, manifold business forms, interleaved carbon sets and other articles of stationery, of paper or paperboard; albums for samples or for collections and book covers (including cover boards and book jackets) of paper or paperboard ; Exercise books",OSTICBPITSK80072,"Savannah, Ga",1703.0,32.1303012,-81.15104532,Sangi,56520.0,10.3884165,123.6380165
52,combo,2020-11-13,Internet Archive,298cherry,298 Cherry Hills Drive Latrobe Pa 15650 Us,40.25835694,-79.41852286,Innodata Knowledge Services Inc,hvg_mandaue,Hvg It Park Subangdaku Mandaue City 6014 Cebu Ph,10.31803327,123.9205454,960,18657,1.0,BOOKS,,4000*900*800,45G0,"Paper and paperboard; articles of paper pulp, of paper or of paperboard ; Registers, account books, notebooks, order books, receipt books, letter pads, memorandum pads, diaries and similar articles, exercise books, blotting pads, binders (looseleaf or other), folders, file covers, manifold business forms, interleaved carbon sets and other articles of stationery, of paper or paperboard; albums for samples or for collections and book covers (including cover boards and book jackets) of paper or paperboard ; Exercise books",OSTICBPITSK90052,"New York, Ny",1001.0,40.68521462,-74.16368517,Kao Hsiung,58309.0,22.60062551,120.2871982
53,combo,2020-11-24,Internet Archive,298cherry,298 Cherry Hills Drive Latrobe Pa 15650 Us,40.25835694,-79.41852286,Innodata Knowledge Services Inc,hvg_mandaue,Hvg It Park Subangdaku Mandaue City 6014 Cebu Ph,10.31803327,123.9205454,960,18148,1.0,BOOKS,,4000*900*800,45G0,"Paper and paperboard; articles of paper pulp, of paper or of paperboard ; Registers, account books, notebooks, order books, receipt books, letter pads, memorandum pads, diaries and similar articles, exercise books, blotting pads, binders (looseleaf or other), folders, file covers, manifold business forms, interleaved carbon sets and other articles of stationery, of paper or paperboard; albums for samples or for collections and book covers (including cover boards and book jackets) of paper or paperboard ; Exercise books",OSTICBPITSKA0042,"New York/Newark Area, Newark, Nj",4601.0,40.68521462,-74.16368517,Kao Hsiung,58309.0,22.60062551,120.2871982
54,combo,2020-12-02,Internet Archive,298cherry,298 Cherry Hills Drive Latrobe Pa 15650 Us,40.25835694,-79.41852286,Innodata Knowledge Services Inc,hvg_mandaue,Hvg It Park Subangdaku Mandaue City 6014 Cebu Ph,10.31803327,123.9205454,960,19155,1.0,BOOKS,,4000*900*800,45G0,"Paper and paperboard; articles of paper pulp, of paper or of paperboard ; Registers, account books, notebooks, order books, receipt books, letter pads, memorandum pads, diaries and similar articles, exercise books, blotting pads, binders (looseleaf or other), folders, file covers, manifold business forms, interleaved carbon sets and other articles of stationery, of paper or paperboard; albums for samples or for collections and book covers (including cover boards and book jackets) of paper or paperboard ; Exercise books",OSTICBPITSKA0067,"New York/Newark Area, Newark, Nj",4601.0,40.68521462,-74.16368517,Kao Hsiung,58309.0,22.60062551,120.2871982
55,yeti,2020-12-18,Internet Archive,298cherry,298 Cherry Hills Drive Latrobe Pa 15650 Us,40.25835694,-79.41852286,Innodata Knowledge Services Inc,hvg_mandaue,Hvg It Park Subangdaku Mandaue City 6014 Cebu Ph,10.31803327,123.9205454,912,19303,,Exercise books,Marks,4000*900*800,45G0,"Paper and paperboard; articles of paper pulp, of paper or of paperboard ; Registers, account books, notebooks, order books, receipt books, letter pads, memorandum pads, diaries and similar articles, exercise books, blotting pads, binders (looseleaf or other), folders, file covers, manifold business forms, interleaved carbon sets and other articles of stationery, of paper or paperboard; albums for samples or for collections and book covers (including cover boards and book jackets) of paper or paperboard ; Exercise books",OSTICBPITSKA0079,"New York/Newark Area, Newark, Nj",4601.0,40.68521462,-74.16368517,Kao Hsiung,58309.0,22.60062551,120.2871982
56,yeti,2020-12-26,Internet Archive,298cherry,298 Cherry Hills Drive Latrobe Pa 15650 Us,40.25835694,-79.41852286,Innodata Knowledge Services Inc,hvg_mandaue,Hvg It Park Subangdaku Mandaue City 6014 Cebu Ph,10.31803327,123.9205454,912,19102,,Exercise books,Marks,4000*900*800,45G0,"Paper and paperboard; articles of paper pulp, of paper or of paperboard ; Registers, account books, notebooks, order books, receipt books, letter pads, memorandum pads, diaries and similar articles, exercise books, blotting pads, binders (looseleaf or other), folders, file covers, manifold business forms, interleaved carbon sets and other articles of stationery, of paper or paperboard; albums for samples or for collections and book covers (including cover boards and book jackets) of paper or paperboard ; Exercise books",OSTICBPITSKA0108,"New York/Newark Area, Newark, Nj",4601.0,40.68521462,-74.16368517,Kao Hsiung,58309.0,22.60062551,120.2871982
57,combo,2021-01-03,Internet Archive,298cherry,298 Cherry Hills Drive Latrobe Pa 15650 Us,40.25835694,-79.41852286,Innodata Knowledge Services Inc,hvg_mandaue,Hvg It Park Subangdaku Mandaue City 6014 Cebu Ph,10.31803327,123.9205454,912,19653,1.0,BOOKS,,4000*900*800,45G0,"Paper and paperboard; articles of paper pulp, of paper or of paperboard ; Registers, account books, notebooks, order books, receipt books, letter pads, memorandum pads, diaries and similar articles, exercise books, blotting pads, binders (looseleaf or other), folders, file covers, manifold business forms, interleaved carbon sets and other articles of stationery, of paper or paperboard; albums for samples or for collections and book covers (including cover boards and book jackets) of paper or paperboard ; Exercise books",OSTICBPITSKN0022,"New York/Newark Area, Newark, Nj",4601.0,40.68521462,-74.16368517,Kao Hsiung,58309.0,22.60062551,120.2871982
58,combo,2021-01-12,Internet Archive,298cherry,298 Cherry Hills Drive Latrobe Pa 15650 Us,40.25835694,-79.41852286,Innodata Knowledge Services Inc,hvg_mandaue,Hvg It Park Subangdaku Mandaue City 6014 Cebu Ph,10.31803327,123.9205454,912,19587,1.0,BOOKS,,4000*900*800,45G0,"Paper and paperboard; articles of paper pulp, of paper or of paperboard ; Registers, account books, notebooks, order books, receipt books, letter pads, memorandum pads, diaries and similar articles, exercise books, blotting pads, binders (looseleaf or other), folders, file covers, manifold business forms, interleaved carbon sets and other articles of stationery, of paper or paperboard; albums for samples or for collections and book covers (including cover boards and book jackets) of paper or paperboard ; Exercise books",OSTICBPITSKN0044,"New York/Newark Area, Newark, Nj",4601.0,40.68521462,-74.16368517,Kao Hsiung,58309.0,22.60062551,120.2871982
59,combo,2021-01-14,Internet Archive,298cherry,298 Cherry Hills Drive Latrobe Pa 15650 Us,40.25835694,-79.41852286,Innodata Knowledge Services Inc,hvg_mandaue,Hvg It Park Subangdaku Mandaue City 6014 Cebu Ph,10.31803327,123.9205454,960,19194,1.0,BOOKS,,4000*900*800,45G0,"Paper and paperboard; articles of paper pulp, of paper or of paperboard ; Registers, account books, notebooks, order books, receipt books, letter pads, memorandum pads, diaries and similar articles, exercise books, blotting pads, binders (looseleaf or other), folders, file covers, manifold business forms, interleaved carbon sets and other articles of stationery, of paper or paperboard; albums for samples or for collections and book covers (including cover boards and book jackets) of paper or paperboard ; Exercise books",OSTICBPITSKN0070,"New York/Newark Area, Newark, Nj",4601.0,40.68521462,-74.16368517,Kao Hsiung,58309.0,22.60062551,120.2871982
60,pan,2021-01-15,Internet Archive,298cherry,"298 Cherry Hills Dr, Latrobe, PA 15650, USA",40.25835694,-79.41852286,Innodata Knowledge Services Inc,hvg_mandaue,"HVG IT Park, Mandaue City, 6014 Cebu, Philippines",10.31803327,123.9205454,960 BOX,18737,1.0,BOOKS,,,,,,,,,,,,,
61,combo,2021-01-17,Internet Archive,298cherry,298 Cherry Hills Drive,40.25835694,-79.41852286,Datum Data Co Ltd,meilin_ge,3Rd Fl Meilin Ge Meilin Road,22.56812598,114.0541678,34,14080,1.0,BOOKS,,4000*900*800,45G0,"Paper and paperboard; articles of paper pulp, of paper or of paperboard ; Registers, account books, notebooks, order books, receipt books, letter pads, memorandum pads, diaries and similar articles, exercise books, blotting pads, binders (looseleaf or other), folders, file covers, manifold business forms, interleaved carbon sets and other articles of stationery, of paper or paperboard; albums for samples or for collections and book covers (including cover boards and book jackets) of paper or paperboard ; Exercise books",SMMBSSZX5259122,"New York/Newark Area, Newark, Nj",4601.0,40.68521462,-74.16368517,,,,
62,yeti,2021-01-29,Internet Archive,298cherry,298 Cherry Hills Drive Latrobe Pa 15650 Us,40.25835694,-79.41852286,Innodata Knowledge Services Inc,hvg_mandaue,Hvg It Park Subangdaku Mandaue City 6014 Cebu Ph,10.31803327,123.9205454,960,18737,,Exercise books,Marks,4000*900*800,45G0,"Paper and paperboard; articles of paper pulp, of paper or of paperboard ; Registers, account books, notebooks, order books, receipt books, letter pads, memorandum pads, diaries and similar articles, exercise books, blotting pads, binders (looseleaf or other), folders, file covers, manifold business forms, interleaved carbon sets and other articles of stationery, of paper or paperboard; albums for samples or for collections and book covers (including cover boards and book jackets) of paper or paperboard ; Exercise books",OSTICBPITSKP0033,"New York/Newark Area, Newark, Nj",4601.0,40.68521462,-74.16368517,Kao Hsiung,58309.0,22.60062551,120.2871982
63,yeti,2021-03-01,Internet Archive,298cherry,298 Cherry Hills Drive Latrobe Pa 15650 Us,40.25835694,-79.41852286,Innodata Knowledge Services Inc,hvg_mandaue,Hvg It Park Subangdaku Mandaue City 6014 Cebu Ph,10.31803327,123.9205454,960,19792,,Exercise books,Marks,4000*900*800,45G0,"Paper and paperboard; articles of paper pulp, of paper or of paperboard ; Registers, account books, notebooks, order books, receipt books, letter pads, memorandum pads, diaries and similar articles, exercise books, blotting pads, binders (looseleaf or other), folders, file covers, manifold business forms, interleaved carbon sets and other articles of stationery, of paper or paperboard; albums for samples or for collections and book covers (including cover boards and book jackets) of paper or paperboard ; Exercise books",OSTICBPITSKP0063,"New York/Newark Area, Newark, Nj",4601.0,40.68521462,-74.16368517,Kao Hsiung,58309.0,22.60062551,120.2871982
64,combo,2021-03-17,Internet Archive,298cherry,298 Cherry Hills Drive Latrobe Pa 15650 Us,40.25835694,-79.41852286,Innodata Knowledge Services Inc,hvg_mandaue,Hvg It Park Subangdaku Mandaue City 6014 Cebu Ph,10.31803327,123.9205454,978,18830,1.0,BOOKS AND CD'S,,4000*900*800,45G0,"Paper and paperboard; articles of paper pulp, of paper or of paperboard ; Registers, account books, notebooks, order books, receipt books, letter pads, memorandum pads, diaries and similar articles, exercise books, blotting pads, binders (looseleaf or other), folders, file covers, manifold business forms, interleaved carbon sets and other articles of stationery, of paper or paperboard; albums for samples or for collections and book covers (including cover boards and book jackets) of paper or paperboard ; Exercise books",OSTICBPITSL10029,"New York/Newark Area, Newark, Nj",4601.0,40.68521462,-74.16368517,Kao Hsiung,58309.0,22.60062551,120.2871982
65,combo,2021-03-17,Internet Archive,298cherry,298 Cherry Hills Drive Latrobe Pa 15650 Us,40.25835694,-79.41852286,Innodata Knowledge Services Inc,hvg_mandaue,Hvg It Park Subangdaku Mandaue City 6014 Cebu Ph,10.31803327,123.9205454,960,19894,1.0,BOOKS,,4000*900*800,45G0,"Paper and paperboard; articles of paper pulp, of paper or of paperboard ; Registers, account books, notebooks, order books, receipt books, letter pads, memorandum pads, diaries and similar articles, exercise books, blotting pads, binders (looseleaf or other), folders, file covers, manifold business forms, interleaved carbon sets and other articles of stationery, of paper or paperboard; albums for samples or for collections and book covers (including cover boards and book jackets) of paper or paperboard ; Exercise books",OSTICBPITSL10003,"New York/Newark Area, Newark, Nj",4601.0,40.68521462,-74.16368517,Kao Hsiung,58309.0,22.60062551,120.2871982
66,combo,2021-04-23,Internet Archive,298cherry,298 Cherry Hills Drive Latrobe Pa 15650 Us,40.25835694,-79.41852286,Innodata Knowledge Services Inc,hvg_mandaue,Hvg It Park Subangdaku Mandaue City 6014 Cebu Ph,10.31803327,123.9205454,960,19810,1.0,BOOKS. CEBU_LAT_2021_006,,4000*900*800,45G0,"Paper and paperboard; articles of paper pulp, of paper or of paperboard ; Registers, account books, notebooks, order books, receipt books, letter pads, memorandum pads, diaries and similar articles, exercise books, blotting pads, binders (looseleaf or other), folders, file covers, manifold business forms, interleaved carbon sets and other articles of stationery, of paper or paperboard; albums for samples or for collections and book covers (including cover boards and book jackets) of paper or paperboard ; Exercise books",OSTICBNYCSL30042,"New York/Newark Area, Newark, Nj",4601.0,40.68521462,-74.16368517,Kao Hsiung,58309.0,22.60062551,120.2871982
67,combo,2021-04-25,Internet Archive,298cherry,298 Cherry Hills Drive Latrobe Pa 15650 Us,40.25835694,-79.41852286,Innodata Knowledge Services Inc,hvg_mandaue,Hvg It Park Subangdaku Mandaue City 6014 Cebu Ph,10.31803327,123.9205454,960,19760,1.0,BOOKS,,4000*900*800,45G0,"Paper and paperboard; articles of paper pulp, of paper or of paperboard ; Registers, account books, notebooks, order books, receipt books, letter pads, memorandum pads, diaries and similar articles, exercise books, blotting pads, binders (looseleaf or other), folders, file covers, manifold business forms, interleaved carbon sets and other articles of stationery, of paper or paperboard; albums for samples or for collections and book covers (including cover boards and book jackets) of paper or paperboard ; Exercise books",OSTICBNYCSL20066,"New York/Newark Area, Newark, Nj",4601.0,40.68521462,-74.16368517,Kao Hsiung,58309.0,22.60062551,120.2871982
68,combo,2021-04-25,Internet Archive,298cherry,298 Cherry Hills Drive Latrobe Pa 15650 Us,40.25835694,-79.41852286,Innodata Knowledge Services Inc,hvg_mandaue,Hvg It Park Subangdaku Mandaue City 6014 Cebu Ph,10.31803327,123.9205454,930,19949,1.0,BOOKS AND LP'S,,4000*900*800,45G0,"Paper and paperboard; articles of paper pulp, of paper or of paperboard ; Registers, account books, notebooks, order books, receipt books, letter pads, memorandum pads, diaries and similar articles, exercise books, blotting pads, binders (looseleaf or other), folders, file covers, manifold business forms, interleaved carbon sets and other articles of stationery, of paper or paperboard; albums for samples or for collections and book covers (including cover boards and book jackets) of paper or paperboard ; Exercise books",OSTICBNYCSL20065,"New York/Newark Area, Newark, Nj",4601.0,40.68521462,-74.16368517,Kao Hsiung,58309.0,22.60062551,120.2871982
69,combo,2021-04-27,Internet Archive,298cherry,298 Cherry Hills Drive Latrobe Pa 15650 Us,40.25835694,-79.41852286,Innodata Knowledge Services Inc,hvg_mandaue,Hvg It Park Subangdaku Mandaue City 6014 Cebu Ph,10.31803327,123.9205454,960,19387,1.0,BOOKS,,4000*900*800,45G0,"Paper and paperboard; articles of paper pulp, of paper or of paperboard ; Registers, account books, notebooks, order books, receipt books, letter pads, memorandum pads, diaries and similar articles, exercise books, blotting pads, binders (looseleaf or other), folders, file covers, manifold business forms, interleaved carbon sets and other articles of stationery, of paper or paperboard; albums for samples or for collections and book covers (including cover boards and book jackets) of paper or paperboard ; Exercise books",OSTICBNYCSL30018,"New York/Newark Area, Newark, Nj",4601.0,40.68521462,-74.16368517,Kao Hsiung,58309.0,22.60062551,120.2871982
70,combo,2021-06-11,Internet Archive,298cherry,298 Cherry Hills Drive Latrobe Pa 15650 Us,40.25835694,-79.41852286,Innodata Knowledge Services Inc,hvg_mandaue,Hvg It Park Subangdaku Mandaue City 6014 Cebu Ph,10.31803327,123.9205454,912,19144,1.0,BOOKS,,4000*900*800,45G0,"Paper and paperboard; articles of paper pulp, of paper or of paperboard ; Registers, account books, notebooks, order books, receipt books, letter pads, memorandum pads, diaries and similar articles, exercise books, blotting pads, binders (looseleaf or other), folders, file covers, manifold business forms, interleaved carbon sets and other articles of stationery, of paper or paperboard; albums for samples or for collections and book covers (including cover boards and book jackets) of paper or paperboard ; Exercise books",OSTICBNYCSL40036,"New York/Newark Area, Newark, Nj",4601.0,40.68521462,-74.16368517,Kao Hsiung,58309.0,22.60062551,120.2871982
71,combo,2021-06-11,Internet Archive,298cherry,298 Cherry Hills Drive Latrobe Pa 15650 Us,40.25835694,-79.41852286,Innodata Knowledge Services Inc,hvg_mandaue,Hvg It Park Subangdaku Mandaue City 6014 Cebu Ph,10.31803327,123.9205454,960,19850,1.0,BOOKS,,4000*900*800,45G0,"Paper and paperboard; articles of paper pulp, of paper or of paperboard ; Registers, account books, notebooks, order books, receipt books, letter pads, memorandum pads, diaries and similar articles, exercise books, blotting pads, binders (looseleaf or other), folders, file covers, manifold business forms, interleaved carbon sets and other articles of stationery, of paper or paperboard; albums for samples or for collections and book covers (including cover boards and book jackets) of paper or paperboard ; Exercise books",OSTICBNYCSL40035,"New York/Newark Area, Newark, Nj",4601.0,40.68521462,-74.16368517,Kao Hsiung,58309.0,22.60062551,120.2871982
72,combo,2021-07-17,Internet Archive,298cherry,298 Cherry Hill Drive Latrobe Pa 15650 Usa,40.25835694,-79.41852286,Better World Books Ltd,castle_industrial,Unit 10 Castle Industrial Estate Centre Queensferry Road Dunfermline Fife Ky11 8Pu,56.05529775,-3.439735815,38,15865,1.0,BOOKS DELIVERY ADDRESS - INTERNET ARCHIVE 298 CHERRY HILL DRIVE LATROBE PA 15650 USA EMAIL FRANK. DENARAARCHIVE. ORG,.,4000*900*800,4510,"Paper and paperboard; articles of paper pulp, of paper or of paperboard ; Registers, account books, notebooks, order books, receipt books, letter pads, memorandum pads, diaries and similar articles, exercise books, blotting pads, binders (looseleaf or other), folders, file covers, manifold business forms, interleaved carbon sets and other articles of stationery, of paper or paperboard; albums for samples or for collections and book covers (including cover boards and book jackets) of paper or paperboard ; Registers, account books, notebooks, order books, receipt books, letter pads, memorandum pads, diaries and similar articles",HLCULIV210625037,"New York, Ny",1001.0,40.68521462,-74.16368517,Anvers,42305.0,51.24098548,4.407640395
73,combo,2021-08-02,Internet Archive,298cherry,298 Cherry Hills Drive Latrobe Pa 15650 Us,40.25835694,-79.41852286,Innodata Knowledge Services Inc,hvg_mandaue,Hvg It Park Subangdaku Mandaue City 6014 Cebu Ph,10.31803327,123.9205454,912,19132,1.0,BOOKS,,4000*900*800,45G0,"Paper and paperboard; articles of paper pulp, of paper or of paperboard ; Registers, account books, notebooks, order books, receipt books, letter pads, memorandum pads, diaries and similar articles, exercise books, blotting pads, binders (looseleaf or other), folders, file covers, manifold business forms, interleaved carbon sets and other articles of stationery, of paper or paperboard; albums for samples or for collections and book covers (including cover boards and book jackets) of paper or paperboard ; Exercise books",OSTICBNYCSL60024,"New York/Newark Area, Newark, Nj",4601.0,40.68521462,-74.16368517,Kao Hsiung,58309.0,22.60062551,120.2871982
74,combo,2021-08-29,Internet Archive,298cherry,298 Cherry Hills Drive Latrobe Pa 15650 Us,40.25835694,-79.41852286,Innodata Knowledge Services Inc,hvg_mandaue,Hvg It Park Subangdaku Mandaue City 6014 Cebu Ph,10.31803327,123.9205454,912,19124,1.0,BOOKS,,4000*900*800,45G0,"Paper and paperboard; articles of paper pulp, of paper or of paperboard ; Registers, account books, notebooks, order books, receipt books, letter pads, memorandum pads, diaries and similar articles, exercise books, blotting pads, binders (looseleaf or other), folders, file covers, manifold business forms, interleaved carbon sets and other articles of stationery, of paper or paperboard; albums for samples or for collections and book covers (including cover boards and book jackets) of paper or paperboard ; Exercise books",OSTICBNYCSL60039,"New York/Newark Area, Newark, Nj",4601.0,40.68521462,-74.16368517,Kao Hsiung,58309.0,22.60062551,120.2871982
75,pan,2022-04-22,Internet Archive,298cherry,"300 Funston Avenue, San Francisco, CA 94118, USA",37.78245517,-122.4715692,Shenzhen Shenghangda International,gang_de_lu,"Gang De Lu, Long Gang Qu, Shen Zhen Shi, Guang Dong Sheng, China, 518118",,,20 PKG,3589,1.0,DIGITAL BOOK SCANNING MACHINE ALUMINUMFRAMES DIGITAL BOOK SCANNING MACHINE CLOTH COVER DIGITAL BOOK SCANNING MACHINE GLASS DIGITAL BOOK SCANNING MACHINE LED LIGHT DIGITAL BOOK SCANNING MACHINE LED LIGHT POWER SUPPLY ADAP TER FOOT PEDAL ASSEMBLY,,,,,,,,,,,,,
76,combo,2022-12-24,Internet Archive,298cherry,298 Cherry Hill Dr Latrobe Latrobe Pa United States 15650,40.25835694,-79.41852286,Innodata Knowledge Services Inc,hvg_mandaue,Hvg Arcade Subangdaku Mandaue Cityc Ebu Mandaue Cebu Ph,10.31803327,123.9205454,2880,60551,3.0,BOOKS; BOOKS; BOOKS,AS ADDRESSED; AS ADDRESSED; AS ADDRESSED,"4000*900*800,4000*900*800,4000*900*800",450045004500,"Paper and paperboard; articles of paper pulp, of paper or of paperboard ; Registers, account books, notebooks, order books, receipt books, letter pads, memorandum pads, diaries and similar articles, exercise books, blotting pads, binders (looseleaf or other), folders, file covers, manifold business forms, interleaved carbon sets and other articles of stationery, of paper or paperboard; albums for samples or for collections and book covers (including cover boards and book jackets) of paper or paperboard ; Exercise books",AMAWSCEBZ0021112,"Baltimore, Md",1303.0,39.28632714,-76.60957676,Kao Hsiung,58309.0,22.60062551,120.2871982
77,combo,2023-01-05,Internet Archive,298cherry,Open Library Management 298 Cherry Hill Dr Latrobe Pa 15650 Usa,40.25835694,-79.41852286,Datum Data Co Ltd,meilin_ge,3Rd Fl Meilin Ge Meilin Road Shenzhen 518049 P R China,22.56812598,114.0541678,960,17710,1.0,BOOKS,,4000*800*800,40R0,"Paper and paperboard; articles of paper pulp, of paper or of paperboard ; Registers, account books, notebooks, order books, receipt books, letter pads, memorandum pads, diaries and similar articles, exercise books, blotting pads, binders (looseleaf or other), folders, file covers, manifold business forms, interleaved carbon sets and other articles of stationery, of paper or paperboard; albums for samples or for collections and book covers (including cover boards and book jackets) of paper or paperboard ; Exercise books",SOWC22110011,"New York/Newark Area, Newark, Nj",4601.0,40.68521462,-74.16368517,Yantian,57078.0,22.55453603,114.2439626
78,combo,2023-01-08,Internet Archive,298cherry,298 Cherry Hill Dr Latrobe Us,40.25835694,-79.41852286,Innodata Knowledge Services Inc,hvg_mandaue,Hvg It Park Subangdaku Mandaue Philippines,10.31803327,123.9205454,3335,54162,3.0,"- CMAU8519086 DESCRIPTION-. -GENERIC DESCRIPTION-; - TGBU5076576 DESCRIPTION- -GENERIC DESCRIPTION- MICROFILM AND BOOKS / INV CEBU`LAT`2022`001 CEBU`LAT`2022`002, CEBU`LAT`2022`003 HS CODE 3921. 90, 4901. 99 THIS MASTER BILL COVERS AUTOMATED NVOCC HOUSE BILL: CEBBAL022568 SCAC CODE: TFGG FREIGHT PREPAID CY/CY; - TRHU7989285 DESCRIPTION- -GENERIC DESCRIPTION- MICROFILM AND BOOKS / INV CEBU`LAT`2022`001 CEBU`LAT`2022`002, CEBU`LAT`2022`003 HS CODE 3921. 90, 4901. 99 THIS MASTER BILL COVERS AUTOMATED NVOCC HOUSE BILL: CEBBAL022568 SCAC CODE: TFGG FREIGHT PREPAID CY/CY",; ;,"4000*900*800,4000*900*800,4000*900*800",450045004500,"Plastics and articles thereof ; Other plates, sheets, film, foil and strip, of plastics ; Other",CMDUPH10265489,"Baltimore, Md",1303.0,39.28632714,-76.60957676,Hong Kong,58201.0,22.33800951,114.1303815
79,combo,2023-01-09,Internet Archive,298cherry,298 Cherry Hill Dr Latrobe Pa 15650,40.25835694,-79.41852286,Innodata Knowledge Services Inc,hvg_mandaue,Hvg It Park Subangdaku 6014,10.31803327,123.9205454,2736,57912,3.0,BOOKS; BOOKS; BOOKS,; ;,"4000*900*800,4000*900*800,4000*900*800","45G1,45G1,45G1","Paper and paperboard; articles of paper pulp, of paper or of paperboard ; Registers, account books, notebooks, order books, receipt books, letter pads, memorandum pads, diaries and similar articles, exercise books, blotting pads, binders (looseleaf or other), folders, file covers, manifold business forms, interleaved carbon sets and other articles of stationery, of paper or paperboard; albums for samples or for collections and book covers (including cover boards and book jackets) of paper or paperboard ; Exercise books",FLXT00001845539A,"New York/Newark Area, Newark, Nj",4601.0,40.68521462,-74.16368517,Singapore,55976.0,1.463013306,103.831542
80,combo,2023-01-18,Internet Archive,298cherry,298 Cherry Hill Dr Latrobe Latrobe Pa United States 15650,40.25835694,-79.41852286,Innodata Knowledge Services Inc,hvg_mandaue,Hvg Arcade Subangdaku Mandaue Cityc Ebu Mandaue Cebu Ph,10.31803327,123.9205454,2880,60576,3.0,BOOKS; BOOKS; BOOKS,AS ADDRESSED; AS ADDRESSED; AS ADDRESSED,"4000*900*800,4000*900*800,4000*900*800","45G0,45G0,45G1","Paper and paperboard; articles of paper pulp, of paper or of paperboard ; Registers, account books, notebooks, order books, receipt books, letter pads, memorandum pads, diaries and similar articles, exercise books, blotting pads, binders (looseleaf or other), folders, file covers, manifold business forms, interleaved carbon sets and other articles of stationery, of paper or paperboard; albums for samples or for collections and book covers (including cover boards and book jackets) of paper or paperboard ; Exercise books",AMAWSCEBZ0021115,"Baltimore, Md",1303.0,39.28632714,-76.60957676,Kao Hsiung,58309.0,22.60062551,120.2871982
81,pan,2023-02-12,Internet Archive,298cherry,"298 Cherry Hills Dr, Latrobe, PA 15650, USA",40.25835694,-79.41852286,Innodata Knowledge Services Inc,hvg_mandaue,"HVG IT Park, Mandaue City, 6014 Cebu, Philippines",10.31803327,123.9205454,4704 CTN,96457,5.0,BOOKS; BOOKS; BOOKS; BOOKS; BOOKS,ITEM NO. DESCQTYN. W. G. W. MADE IN PHILIPPINES; ITEM NO. DESCQTYN. W. G. W. MADE IN PHILIPPINES; ITEM NO. DESCQTYN. W. G. W. MADE IN PHILIPPINES; ITEM NO. DESCQTYN. W. G. W. MADE IN PHILIPPINES; ITEM NO. DESCQTYN. W. G. W. MADE IN PHILIPPINES,,,,,,,,,,,,
82,pan,2023-02-14,Internet Archive,298cherry,"298 Cherry Hills Dr, Latrobe, PA 15650, USA",40.25835694,-79.41852286,Innodata Knowledge Services Inc,hvg_mandaue,"HVG IT Park, Mandaue City, 6014 Cebu, Philippines",10.31803327,123.9205454,5496 CTN,114082,6.0,BOOKS.; BOOKS.; BOOKS.; BOOKS.; BOOKS.; BOOKS.,ITEM NO. DESC QTY N. W. G. W. MADE IN PHILIPP INES; ITEM NO. DESC QTY N. W. G. W. MADE IN PHILIPP INES; ITEM NO. DESC QTY N. W. G. W. MADE IN PHILIPP INES; ITEM NO. DESC QTY N. W. G. W. MADE IN PHILIPP INES; ITEM NO. DESC QTY N. W. G. W. MADE IN PHILIPP INES; ITEM NO. DESC QTY N. W. G. W. MADE IN PHILIPP INES,,,,,,,,,,,,